molecule_id,lambda_max,shift,Pd-H_length
8,395.4,0,2.30055
12,421.5,26.1,2.59931
16511,369.7,-25.7,2.05612
16670,383.6,-11.8,2.09212
16848,391.8,-3.6,2.11877
19867,412.7,17.3,2.4485
19874,405.5,10.1,2.34092
19984,406.8,11.4,2.39208
19898,396.1,0.7,2.22688
19901,407.4,12,2.39126
19903,410.7,15.3,2.32342
19904,393.6,-1.8,2.16543
19939,394.8,-0.6,2.30691
19973,409.4,14,2.48282
20079,408.1,12.7,2.55161
20153,407.4,12,2.47615
20154,410,14.6,2.52177
